{
    "kishkindha": [15.457741873852289,76.52853243040772],
    "rishyamukhaparvat": [15.343902414637958,76.46946781107171],
    "pampalake": [15.353757164820498,76.47737507720483],
    "matanga": [15.331815003276738,76.46822695391205],
    "valiscave": [15.355600453282646,76.48080093863452],
    "srilanka": [7.578123010749659,80.75985260492848],
    "ashokavatika": [6.933335697630123,80.81033216943645],
    "ramasetu": [9.084144810919241,79.56806254383595],
    "lankabattlefield": [9.083388919757976,79.73437878649125 ],
    "panchavati": [20.009631079363064,73.79201662547459],
    "ramsetu": [9.125635867068922,79.56299937381824],
    "kharaterritory": [19.11411253555136,81.96155372179408],
    "janasthana": [20.000090544983316,73.76089876777127],
    "dandakaforest": [19.11411253555136,81.96155372179408],
    "lepakshi": [13.804585322292777,77.60876055352992],
    "pampariver": [15.622109069771982,76.1817796379903],
    
    "mahendramountain":[18.985801140283925, 84.35671953644439],
    "indianocean":[14.275756817205819, 79.77827722933596],
    "100yojanas":[10.11462379401501, 76.22410539645249],
    "trikutamountain":[24.623236938283036, 86.83694424479647],
    "lambaparvat":[9.333461733970752, 80.34879850278313],
    "sigriya":[7.95476138852573, 80.75350363399639],
    "simsupatree":[7.610792888643441, 80.72689362265083],
    "lankaentrance":[8.221381274809962, 80.51844163542833],
    "lanka":[7.3547038310075505, 80.85905477907022],
    "ravanacourt":[9.660740811537226, 80.02632207046086],
    "gandhamardanamountain":[20.851161870212696, 82.86270626806919],
    "ashokagarden":[23.259908498514005, 77.43181406604195],
    "srilanka2":[7.616128468555338, 80.81510946936669],
    "aristamountain":[30.716175413911166, 76.59589273368594],
    "madhuvan":[12.229140324933544, 75.48143204434922],
    "malayamountain":[18.50019747206128, 83.00000637583246],
    "sahyamountain":[18.500617707040043, 82.9991214829909],
    "bhogavaticity":[20.526019421664866, 76.1433055555186],
    "mountkailsah":[31.675273256100425, 87.71345822875897],
    "rastala":[23.250102763991702, 87.0646610986287],
    "lankapalace":[8.052222316226906, 80.71950771745549],

    "chadayamangalam":[8.873168804825829, 76.86935289289934],
    "tamsariver":[25.95825321441847, 83.58464169670295],
    "vedshrutiriver":[27.855644801387925, 79.7972635199659],
    "nepal":[28.36233743748018, 84.15963011291201],
    "uttarpradesh":[27.77648231819471, 79.88893999217933],
    "shringverpurriver":[25.60119118359041, 81.64609135139048],
    "viratanagri":[22.774750184896075, 72.44078864843522],
    "munibardvajaashram":[25.458703590846888, 81.8576211337118],
    "baghelkhand":[26.44270150344807, 77.9795601009308],
    "shyamvatt":[23.41631279563222, 77.08224634383312],
    "chitwan":[27.531282694588995, 84.34931973796166],
    "karnataka":[14.766034035092881, 75.72334891980769],
    "china":[34.91214469043315, 103.48853304639526],
    "uttarkand":[30.08197414281556, 79.11715841666182],
    "sarivriver":[31.010790705292557, 78.57976880037222],
    "buxar":[25.564388631815774, 83.97534834708965],
    "bisaul":[26.62610293791011, 85.99956805509534],
    "bihar":[25.727338050228987, 86.25548662932373],
    "upmpborder":[24.34135234877524, 82.60393471829869],
    "bihar2":[25.727338050228987, 86.25548662932373],
    "biharnearpatna":[25.59748753092887, 85.14200979074593],
    "farrukhabad":[27.38119350132273, 79.58524529333988],
    "ayodhya":[26.798836620113015, 82.17946971378149],

    "assemblyhall":[7.189896990793514, 79.88037962250854],
    "ramyaparvat":[7.84053172537867, 80.78076505496956],
    "salvyeyaparvat":[],
    "pariyatraparvat":[8.674141170289769, 77.25523423786036],
    "parnashariver":[7.906006668540153, 80.99145840578508],
    "suvelaparvat":[6.889400121115368, 80.7639204560344],
    "kumbhakarnacave":[19.286040431150177, 75.40314945841693],
    "oceanshore":[10.209020345580326, 79.74074813302221],
    "nikumbhilagrove":[19.43124676454255, 81.85057662804097],
    "himalaya":[28.768999679651333, 81.974392157324],
    "lankatonikumbhila":[16.814003548011684, 80.1680490894112],
    "lankadeparture":[7.349474742993178, 80.09900254175298],
    "aerialdeparture":[9.172104336544745, 79.96871443975913],
    "bharadwajaashram":[8.946139978209645, 77.61023988751566],
    "nandigrama":[26.80321993101323, 82.10896822876678],
    "lanka1":[7.764095354530435, 80.88550199917108],
    "lanka2":[7.704736947007946, 80.94840054428087],
    "lanka3":[7.832347155382069, 80.4691735339205],
    "lanka4":[7.259287990055986, 80.95738605072513],
    "lanka5":[8.283116939862165, 80.84356963576455],
    "lanka6":[7.767063055362836, 80.42424600169922],
    "lanka7":[8.463874492916851, 80.77168558421049],
    "lanka8":[7.505826011400571, 80.69381119502694],
    "lanka9":[7.131510022302221, 80.96337638835465],
    "lanka10":[7.728481312019693, 81.44260339871504],
    "lanka11":[7.80564125541246, 80.67584018213842],
    "lanka12":[8.158612532157314, 80.66984984450892],
    "lanka13":[7.94805286363279, 80.42125083288447],
    "lanka14":[7.20283239548887, 80.32840059962713],
    "lanka15":[8.235691300944001, 81.08318314094474],
    "lanka16":[8.4075819725422, 80.28347306740585],
    "lanka17":[8.70376543014326, 80.40327981999594],
    "lanka18":[8.158612532157314, 80.53506724784506],
    "lanka19":[7.048286553005814, 80.94241020665137],
    "lanka20":[6.822319423528086, 81.49352126856581],
    "lanka21":[7.939153576527098, 80.04984989985516],
    "lanka22":[7.965850858690367, 80.64289332517615],
    



    "Gokarna":[14.54940049362695, 74.31904042488726],
    "Kailash":[31.500100346715488, 81.3040752272797],
    "Angadesh":[29.22238783791142, 78.84899936938201],
    "SarivaRiver(northern bay)":[30.09822323270147, 79.76667147676942],
    "SarivaRiver and anga river merging point":[26.273443515269726, 83.68677632849935],
    "Tadkaforest":[26.534045145889642, 80.29711503515061],
    "vishwamitraashram":[25.726698199636495, 83.94458303705795],
    "Gangatatta":[13.183248739360545, 78.20435057883974],
    "Vishala":[23.139014402645277, 72.60249212924177],
    "Mithila":[26.55629807789371, 85.56361336508022],
    "SakansyaNagri":[26.53718044629861, 82.24155591305852],
    "MithilatoAyodhya":[26.626517101336635, 84.35933449060286],
    "Kaikayinagri":[26.404442304195065, 81.99511210862119],


    "Gomti River":[26.719755831839027, 81.60733248010006],
    "Shanghamirpur":[26.38005273944374, 81.70051264017792],
    "Kingdom of Gud(in/near shangamirpur)":[26.72570450505524, 82.31160102184079],
    "Ganga River":[25.50261306672831, 83.52714267481946],
    "Vatsyadesh(border of pryag)":[26.66840511290516, 82.31389833305616],
    "River Yamuna":[26.43952904511999, 80.05421924473431],
    "Chitrakoot":[25.25787206169524, 80.8595249635251],
    "Valmiki Ashram":[26.838163382129494, 80.25375366224256]


}